dataset,cand_n,n_test,B,spearman_risk_vs_hit,spearman_risk_vs_ndcg,spearman_risk_vs_violation,low_bucket_hit,high_bucket_hit,low_bucket_ndcg,high_bucket_ndcg,hit_gap_high_minus_low,ndcg_gap_high_minus_low
Amazon-VideoGames,17286,5000,1.4568411111831665,-0.12597379531401276,-0.12600103850638608,0.6928203369172131,0.11,0.006,0.054913553412632196,0.0022598256031542106,-0.104,-0.05265372780947798
ML-1M,3533,6035,2.347123050689697,-0.13976750711010533,-0.1397520714275672,0.692820332548224,0.12251655629139073,0.02152317880794702,0.056138821952423396,0.009187038917706628,-0.10099337748344371,-0.04695178303471677
ML-20M,20720,5000,0.9630447268486023,-0.13863180925195223,-0.13824935928025447,0.6928203368839577,0.17,0.026,0.08083247955176705,0.011665076537329256,-0.14400000000000002,-0.06916740301443779
