metric,exceed,dr,expected_bad_exposure,miss_probability,dataset
roc_auc,0.6289290791344179,0.6491865424103618,0.6292449849944716,0.6736692465645236,Amazon-VideoGames
avg_precision,0.983975286696155,0.9848711556886329,0.9839893182050703,0.986780051148047,Amazon-VideoGames
roc_auc,0.5110411944031892,0.515926678652388,0.5122918783709841,0.6074024857343859,ML-1M
avg_precision,0.9681811689648305,0.9677642835879423,0.9682356877469573,0.9711919837713314,ML-1M
roc_auc,0.5846505616860522,0.6017993836365444,0.5845511482254697,0.6219803161348046,ML-20M
avg_precision,0.9683657506359348,0.9697170083118322,0.968380869357433,0.9708929258955395,ML-20M
