dataset,cand_eval,B,mu_only_lowQ_hit,mu_only_highQ_hit,mu_only_lowQ_ndcg,mu_only_highQ_ndcg,mu_only_lowQ_recall,mu_only_highQ_recall,delta_hit_high_minus_low,delta_ndcg_high_minus_low,delta_recall_high_minus_low,spearman_risk_vs_hit,spearman_risk_vs_ndcg,spearman_risk_vs_recall
Amazon-VideoGames,17286,1.4568411111831665,0.096,0.019,0.048080268520908846,0.008527552881707076,0.096,0.019,-0.077,-0.03955271563920177,-0.077,-0.12597379531401276,-0.12600103850638608,-0.12597379531401276
ML-1M,3533,2.347123050689697,0.12013256006628004,0.024855012427506214,0.058947808091748884,0.01076808642641432,0.12013256006628004,0.024855012427506214,-0.09527754763877383,-0.04817972166533456,-0.09527754763877383,-0.13976750711010533,-0.1397520714275672,-0.13976750711010533
ML-20M,20720,0.9630447268486024,0.145,0.033,0.06844201820739833,0.014482434673952849,0.145,0.033,-0.11199999999999999,-0.05395958353344548,-0.11199999999999999,-0.13863180925195223,-0.13824935928025447,-0.13863180925195223
